,symbol,sector,previousClose,sharesOutstanding,market_cap,socialScore,governanceScore,environmentScore,totalEsg,percentile,peerCount,peerGroup,highestControversy,esgPerformance
0,3MINDIA.ns,Industrials,24985.55,11265100,281464719305.0,,,,,,,,,
1,ABB.ns,Industrials,2112.85,211908000,447729817800.0,,,,,,,,,
2,POWERINDIA.ns,Technology,2750.45,42381700,116568746764.99998,,,,,,,,,
3,ACC.ns,Basic Materials,2264.65,187787008,425271847667.2,,,,,,,,,
4,AIAENG.ns,Industrials,1862.3,94320400,175652880920.0,,,,,,,,,
5,APLAPOLLO.ns,Basic Materials,946.55,250106000,236737834300.0,,,,,,,,,
6,AUBANK.ns,,1131.45,,,,,,,,,,,
7,AARTIDRUGS.ns,Healthcare,512.55,92600000,47462129999.99999,,,,,,,,,
8,AARTIIND.ns,Basic Materials,977.2,362504000,354238908800.0,,,,,,,,,
9,AAVAS.ns,Financial Services,2809.05,78931904,221723664931.2,,,,,,,,,
10,ABBOTINDIA.ns,Healthcare,19004.9,21249300,403840821570.00006,,,,,,,,,
11,ADANIENT.ns,Energy,1732.25,1099810048,1905145955648.0,,,,,,,,,
12,ADANIGREEN.ns,Utilities,1341.6,1564009984,2098275794534.4,,,,,,,,,
13,ADANIPORTS.ns,Industrials,739.1,2041750016,1509057436825.6,3.68,6.5,3.54,13.71,6.53,15,Transportation Infrastructure,4,UNDER_PERF
14,ATGL.ns,Utilities,1657.75,1099810048,1823210107072.0,,,,,,,,,
15,ADANITR.ns.ns,Utilities,1885.2,1099810048,2073361902489.6,,,,,,,,,
16,ABCAPITAL.ns,Financial Services,111.25,2415330048,268705467840.0,,,,,,,,,
17,ABFRL.ns,Consumer Cyclical,262.2,937920000,245922624000.0,,,,,,,,,
18,ADVENZYMES.ns,Basic Materials,325.85,111778000,36422861300.0,,,,,,,,,
19,AEGISCHEM.ns,Energy,235,351000000,82485000000,,,,,,,,,
20,AFFLE.ns,Communication Services,1114,26650200,29688322800,,,,,,,,,
21,AJANTPHARM.ns,Healthcare,2117.7,86535800,183256863659.99997,,,,,,,,,
22,ALEMBICLTD.ns,Healthcare,101.45,256782000,26050533900.0,,,,,,,,,
23,APLLTD.ns,Healthcare,803.6,196563008,157958033228.80002,,,,,,,,,
24,ALKEM.ns,Healthcare,3473.2,119565000,415273158000.0,,,,,,,,,
25,ALKYLAMINE.ns,Basic Materials,3219,51069300,164392076700,,,,,,,,,
26,ALOKINDS.ns,Consumer Cyclical,21.4,4965239808,106256131891.2,,,,,,,,,
27,AMARAJABAT.ns,Industrials,627.15,170812000,107124745800.0,,,,,,,,,
28,AMBER.ns,Consumer Cyclical,3036.7,33693700,102317658790.0,,,,,,,,,
29,AMBUJACEM.ns,Basic Materials,377.35,1985650048,749285045612.8,3.85,7.28,10.64,21.78,28.74,14,Construction Materials,2,
30,ANGELBRKG.ns,Financial Services,1240.6,82370400,102188718240.0,,,,,,,,,
31,ANURAS.ns,Basic Materials,792.7,99922400,79208486480.0,,,,,,,,,
32,APOLLOHOSP.ns,Healthcare,5592.95,143784992,804182271006.4,,,,,,,,,
33,APOLLOTYRE.ns,Consumer Cyclical,209.9,635100992,133307698220.8,,,,,,,,,
34,ASAHIINDIA.ns,Consumer Cyclical,470.45,243090000,114361690500.0,,,,,,,,,
35,ASHOKLEY.ns,Industrials,120,2935529984,352263598080,,,,,,,,,
36,ASHOKA.ns,Industrials,96.55,280723008,27103806422.399998,,,,,,,,,
37,ASIANPAINT.ns,Basic Materials,3180.6,959198016,3050825209689.6,9.42,9.28,11.69,30.39,60.92,73,Chemicals,1,OUT_PERF
38,ASTERDM.ns,Healthcare,193.6,499512992,96705715251.2,,,,,,,,,
39,ASTRAZEN.ns,Healthcare,3106.85,25000000,77671250000.0,,,,,,,,,
40,ASTRAL.ns,Industrials,2233.35,200908000,448697881800.0,,,,,,,,,
41,ATUL.ns,Basic Materials,8801.75,29587100,260418257425.0,,,,,,,,,
42,AUROPHARMA.ns,Healthcare,673.55,585939008,394659218838.39996,19.37,13.68,2.71,35.76,77.9,83,Pharmaceuticals,3,OUT_PERF
43,AVANTIFEED.ns,Consumer Defensive,524.85,136246000,71508713100.0,,,,,,,,,
44,DMART.ns,Consumer Defensive,4782.95,647774976,3098275321459.1997,,,,,,,,,
45,AXISBANK.ns,Financial Services,676.1,3065029888,2072266707276.8,13.77,13.25,2.13,29.15,56.54,165,Banks,2,
46,BASF.ns,Basic Materials,2815.45,43285600,121868442519.99998,,,,,,,,,
47,BEML.ns,Industrials,1893.85,41644500,78868436325.0,,,,,,,,,
48,BSE.ns,,1899,,,,,,,,,,,
49,BAJAJ-AUTO.ns,Consumer Cyclical,3328.4,289367008,963129149427.2001,3.96,7.47,3.81,15.24,9.53,37,Automobiles,1,LAG_PERF
50,BAJAJCON.ns,Consumer Defensive,182.55,147540000,26933427000.0,,,,,,,,,
51,BAJAJELEC.ns,Consumer Cyclical,1035.35,114741000,118797094349.99998,,,,,,,,,
52,BAJFINANCE.ns,Financial Services,7180.5,603593984,4334106602112.0,,,,,,,,,
53,BAJAJF.nsV.ns,Financial Services,17758.15,159136992,2825978574484.8003,,,,,,,,,
54,BAJAJHLDNG.ns,Financial Services,5347,111294000,595089018000,,,,,,,,,
55,BALAMINES.ns,Basic Materials,3035.6,32401000,98356475600.0,,,,,,,,,
56,BALKRISIND.ns,Consumer Cyclical,2207,193316992,426650601344,,,,,,,,,
57,BALRAMCHIN.ns,Consumer Defensive,330.95,210000000,69499500000.0,,,,,,,,,
58,BANDHANBNK.ns,Financial Services,278.8,1610669952,449054782617.60004,,,,,,,,,
59,BANKBARODA.ns,Financial Services,88.1,5171359744,455596793446.39996,,,,,,,,,
60,BANKINDIA.ns,Financial Services,54.35,3698089984,200991190630.4,,,,,,,,,
61,MAHABANK.ns,Financial Services,19.1,6730500096,128552551833.6,,,,,,,,,
62,BATAINDIA.ns,Consumer Cyclical,1914.85,128528000,246111840800.0,,,,,,,,,
63,BAYERCROP.ns,Basic Materials,4682.55,44942100,210443630355.0,,,,,,,,,
64,BERGEPAINT.ns,Basic Materials,743.55,971294976,722206379404.7999,,,,,,,,,
65,BDL.ns,Industrials,422.95,183280992,77518695566.4,,,,,,,,,
66,BEL.ns,Industrials,205.9,2436590080,501693897472.0,,,,,,,,,
67,BHARATFORG.ns,Consumer Cyclical,705.85,465588992,328635990003.2,,,,,,,,,
68,BHEL.ns,Industrials,60.55,3482060032,210838734937.59998,0,0,0,35.96,78.49,17,Electrical Equipment,4,LEAD_PERF
69,BPCL.ns,Energy,378.85,2169250048,821820380684.8,8.7,7.17,20.48,36.35,79.51,37,Refiners & Pipelines,2,OUT_PERF
70,BHARATRAS.ns,Basic Materials,9879.95,4248740,41977338763.0,,,,,,,,,
71,BHARTIARTL.ns,Communication Services,732.55,5488659968,4020717859558.4,13.56,8.89,4.06,26.51,46.75,66,Telecommunication Services,3,
72,BIOCON.ns,Healthcare,367.5,1200600064,441220523520.0,,,,,,,,,
73,BIRLACORPN.ns,Basic Materials,1335.45,77005296,102836722543.2,,,,,,,,,
74,BSOFT.ns,Technology,488.8,277583008,135682574310.40001,,,,,,,,,
75,BLUEDART.ns,Industrials,6709.55,23727900,159203531445.0,,,,,,,,,
76,BLUESTARCO.ns,Industrials,986.75,96313904,95037744772.0,,,,,,,,,
77,BBTC.ns,Consumer Defensive,1016.45,69771904,70919651820.8,,,,,,,,,
78,BOSCHLTD.ns,Consumer Cyclical,16641.2,29493600,490808896320.0,0,0,0,13.21,5.52,24,Auto Components,2,LAG_PERF
79,BRIGADE.ns,Real Estate,491.95,230102000,113198678900.0,,,,,,,,,
80,BRITANNIA.ns,Consumer Defensive,3578.5,240868000,861946138000.0,,,,,,,,,
81,BURGERKING.ns,Consumer Cyclical,148.6,383504000,56988694400.0,,,,,,,,,
82,CCL.ns,Consumer Defensive,390.3,133028000,51920828400.0,,,,,,,,,
83,CESC.ns,Utilities,88.1,132557000,11678271700.0,,,,,,,,,
84,CGPOWER.ns,Industrials,157.1,1338000000,210199800000.0,,,,,,,,,
85,CRISIL.ns,Financial Services,3100.55,72745400,225550749970.0,,,,,,,,,
86,CSBBANK.ns,Financial Services,266.85,173486000,46294739100.00001,,,,,,,,,
87,CADILAHC.ns,Healthcare,460.55,1023740032,471483471737.60004,,,,40.92,87.96,83,Pharmaceuticals,3,LEAD_PERF
88,CANFINHOME.ns,Financial Services,588.15,133154000,78314525100.0,,,,,,,,,
89,CANBK.ns,Financial Services,207.15,1646739968,341122184371.2,,,,,,,,,
90,CAPLIPOINT.ns,Healthcare,802.5,75768896,60804539040.0,,,,,,,,,
91,CGCL.ns,,512.7,,,,,,,,,,,
92,CARBORUNIV.ns,Industrials,897.25,189624000,170140134000.0,,,,,,,,,
93,CASTROLIND.ns,Basic Materials,126.45,989121984,125074474876.8,,,,,,,,,
94,CEATLTD.ns,Consumer Cyclical,1140.1,40450100,46117159010.0,,,,,,,,,
95,CENTRALBK.ns,Financial Services,21.65,8680939520,187942340608.0,,,,,,,,,
96,CDSL.ns,Financial Services,1542.9,104500000,161233050000.0,,,,,,,,,
97,CENTURYPLY.ns,Consumer Cyclical,596.35,222172992,132492863779.20001,,,,,,,,,
98,CENTURYTEX.ns,Basic Materials,831.5,111696000,92875224000.0,,,,,,,,,
99,CERA.ns,Industrials,4939.65,13005900,64244593934.99999,,,,,,,,,
100,CHALET.ns,Consumer Cyclical,228.9,205024000,46929993600.0,,,,,,,,,
101,CHAMBLFERT.ns,Basic Materials,397.25,416208000,165338628000.0,,,,,,,,,
102,CHOLAHLDNG.ns,Financial Services,700.05,187728000,131418986399.99998,,,,,,,,,
103,CHOLAFIN.ns,Financial Services,566.65,820662016,465028131366.39996,,,,,,,,,
104,CIPLA.ns,Healthcare,921.25,806787008,743252531120.0,22.25,13.11,2.1,37.46,82.04,83,Pharmaceuticals,2,OUT_PERF
105,CUB.ns,Financial Services,145.45,738822016,107461662227.2,,,,,,,,,
106,COALINDIA.ns,Energy,159.3,6162729984,981722886451.2001,12.06,7.1,16.84,35.99,76.92,71,Oil & Gas Producers,3,OUT_PERF
107,COCH.nsHIP.ns,Industrials,343.25,131540000,45151105000.0,,,,,,,,,
108,COFORGE.ns,Technology,5414.15,60689800,328583680670.0,,,,,,,,,
109,COLPAL.ns,Consumer Defensive,1440.4,271985984,391768611353.60004,,,,,,,,,
110,CAMS.ns,Technology,2975.05,48903500,145490357675.0,,,,,,,,,
111,CONCOR.ns,Industrials,639.25,609294016,389491199728.0,,,,,,,,,
112,COROMANDEL.ns,Basic Materials,746.2,293379008,218919415769.6,,,,,,,,,
113,CREDITACC.ns,Financial Services,519.35,155748992,80888238995.2,,,,,,,,,
114,CROMPTON.ns,Consumer Cyclical,433.7,627814976,272283355091.19998,,,,,,,,,
115,CUMM.nsIND.ns,Industrials,919.55,277200000,254899260000.0,,,,,,,,,
116,CYIENT.ns,Industrials,1000.75,110043000,110125532250.0,,,,,,,,,
117,DCBBANK.ns,Financial Services,83.9,310665984,26064876057.600002,,,,,,,,,
118,DCMSHRIRAM.ns,Basic Materials,986.95,155942000,153906956900.0,,,,,,,,,
119,DLF.ns,Real Estate,385.05,2475310080,953118146304.0,,,,,,,,,
120,DABUR.ns,Consumer Defensive,578.55,1767430016,1022546635756.7999,8.49,8.41,12.43,29.33,57.1,27,Household Products,1,
121,DALBHARAT.ns,Basic Materials,1848.45,187120000,345881964000.0,,,,,,,,,
122,DEEPAKNTR.ns,Basic Materials,2219.6,136392992,302737885043.2,,,,,,,,,
123,DELTACORP.ns,Consumer Cyclical,253.45,266820992,67625780422.399994,,,,,,,,,
124,DHANI.ns,Financial Services,175.3,460372000,80703211600.0,,,,,,,,,
125,DHANUKA.ns,Basic Materials,750.1,46578300,34938382830.0,,,,,,,,,
126,DBL.ns,Industrials,545.1,146215008,79701800860.8,,,,,,,,,
127,DIVISLAB.ns,Healthcare,4777.3,265468992,1268225015481.6,,,,,,,,,
128,DIXON.ns,Technology,5095.65,58569400,298449163110.0,,,,,,,,,
129,LALPATHLAB.ns,Healthcare,3793.05,83344896,316131357772.8,,,,,,,,,
130,DRREDDY.ns,Healthcare,4662.75,165768992,772939367448.0,20.82,13.78,2.01,36.6,80.26,83,Pharmaceuticals,3,LEAD_PERF
131,EIDPARRY.ns,Consumer Defensive,468.45,177102000,82963431900.0,,,,,,,,,
132,EIHOTEL.ns,Consumer Cyclical,123.6,625363968,77294986444.8,,,,,,,,,
133,EPL.ns,Consumer Cyclical,202.65,315566016,63949453142.4,,,,,,,,,
134,EDELWEISS.ns,Financial Services,69.45,936547968,65043256377.600006,,,,,,,,,
135,EICHERMOT.ns,Consumer Cyclical,2451.55,273411008,670280756662.4,5.48,6.88,3.82,16.17,11.75,37,Automobiles,2,UNDER_PERF
136,ELGIEQUIP.ns,Industrials,274.9,316311008,86953896099.2,,,,,,,,,
137,EMAMILTD.ns,Consumer Defensive,535.25,444513984,237926109936.0,,,,,,,,,
138,ENDURANCE.ns,Consumer Cyclical,1725.3,140663008,242685887702.4,,,,,,,,,
139,ENGINERSIN.ns,Industrials,71.4,562041984,40129797657.600006,,,,,,,,,
140,EQUITAS.ns,Financial Services,120.9,341790016,41322412934.4,,,,,,,,,
141,EQUITASBNK.ns,Financial Services,62.4,1142450048,71288882995.2,,,,,,,,,
142,ERIS.ns,Healthcare,725.9,135780992,98563422092.8,,,,,,,,,
143,ESCORTS.ns,Industrials,1848.95,134835008,249303188041.6,,,,,,,,,
144,EXIDEIND.ns,Consumer Cyclical,166.25,850000000,141312500000.0,,,,,,,,,
145,FDC.ns,Healthcare,287.65,168810000,48558196499.99999,,,,,,,,,
146,FEDERALBNK.ns,Financial Services,88.9,2101910016,186859800422.40002,,,,,,,,,
147,FACT.ns,Basic Materials,113.15,647072000,73216196800.0,,,,,,,,,
148,FINEORG.ns,Basic Materials,3688.35,30660000,113084811000.0,,,,,,,,,
149,FINCABLES.ns,Industrials,568.4,152939008,86930532147.2,,,,,,,,,
150,FINPIPE.ns,Industrials,204.55,620476992,126918568713.6,,,,,,,,,
151,FSL.ns,Technology,173.35,682348992,118285197763.2,,,,,,,,,
152,FORTIS.ns,Healthcare,289.1,754958016,218258362425.6,,,,,,,,,
153,FRETAIL.ns,Consumer Cyclical,48.9,542284032,26517689164.8,,,,,,,,,
154,GAIL.ns,Utilities,131.65,4440390144,584577362457.6,10.54,8.28,9.86,28.68,54.66,103,Utilities,3,
155,GMMPFAUDLR.ns,Industrials,4497.15,14617500,65737090124.99999,,,,,,,,,
156,GALAXYSURF.ns,Basic Materials,2826.6,35454800,100216537680.0,,,,,,,,,
157,GARFIBRES.ns,Consumer Cyclical,3228.65,20618200,66568951430.0,,,,,,,,,
158,GICRE.ns,Financial Services,142.35,1754400000,249738840000.0,,,,,,,,,
159,GILLETTE.ns,Consumer Defensive,5532.25,32585200,180269472700.0,,,,,,,,,
160,GLAND.ns,Healthcare,3636.4,163592992,594889556108.8,,,,,,,,,
161,GLAXO.ns,Healthcare,1691.95,169406000,286626481700.0,,,,,,,,,
162,GLENMARK.ns,Healthcare,505.45,282168000,142621815600.0,,,,,,,,,
163,GODFRYPHLP.ns,Consumer Defensive,1279.3,51993900,66515796270.0,,,,,,,,,
164,GODREJAGRO.ns,Consumer Defensive,514.65,192112992,98870951332.8,,,,,,,,,
165,GODREJCP.ns,Consumer Defensive,924.05,1022489984,944831869715.2,7.27,8.39,10.91,26.57,46.97,27,Household Products,1,
166,GODREJIND.ns,Industrials,577.85,336584000,194495064400.0,,,,,,,,,
167,GODREJPROP.ns,Real Estate,2020.75,277987008,561742246416.0,,,,,,,,,
168,GRANULES.ns,Healthcare,302.1,248006000,74922612600.0,,,,,,,,,
169,GRAPHITE.ns,Industrials,417.1,195376000,81491329600.0,,,,,,,,,
170,GRASIM.ns,Basic Materials,1723.85,658078016,1134427787881.5999,11.21,12.77,18.49,42.47,90.31,35,Industrial Conglomerates,2,
171,GESHIP.ns,Industrials,300.6,146966000,44177979600.0,,,,,,,,,
172,GREAVESCOT.ns,Industrials,158.75,231207008,36704112520.0,,,,,,,,,
173,GRINDWELL.ns,Industrials,1675.35,110720000,185494752000.0,,,,,,,,,
174,GUJALKALI.ns,Basic Materials,604.7,73436896,44407291011.200005,,,,,,,,,
175,GAEL.ns,Consumer Defensive,159.45,229335008,36567467025.6,,,,,,,,,
176,FLUOROCHEM.ns,Basic Materials,2315.35,109850000,254341197500.0,,,,,,,,,
177,GUJGASLTD.ns,Utilities,686.65,688390016,472683004486.39996,,,,,,,,,
178,GNFC.ns,Basic Materials,426.1,155419008,66224039308.8,,,,,,,,,
179,GPPL.ns,Industrials,99.8,483440000,48247312000.0,,,,,,,,,
180,GSFC.ns,Basic Materials,114,398478016,45426493824,,,,,,,,,
181,GSPL.ns,Utilities,305.25,564211008,172225410192.0,,,,,,,,,
182,HEG.ns,Industrials,1791.5,38595500,69143838250.0,,,,,,,,,
183,HCLTECH.ns,Technology,1184.7,2713669888,3214884716313.6,9.2,6.13,1.13,16.46,12.49,99,Software & Services,1,LAG_PERF
184,HDFCAMC.ns,Financial Services,2556.7,213192000,545067986399.99994,,,,,,,,,
185,HDFCBANK.ns,Financial Services,1525.75,5540960256,8454120110592.0,12.9,12.96,2.38,28.24,52.96,165,Banks,2,AVG_PERF
186,HDFCLIFE.ns,Financial Services,705.3,2021670016,1425883862284.7998,,,,,,,,,
187,HFCL.ns,Technology,72,1284380032,92475362304,,,,,,,,,
188,HAPPSTMNDS.ns,Technology,1219.45,146864000,179093304800.0,,,,,,,,,
189,HATHWAY.ns,Communication Services,20.75,1770099968,36729574336.0,,,,,,,,,
190,HATSUN.ns,Consumer Defensive,1325.1,215563008,285642541900.8,,,,,,,,,
191,HAVELLS.ns,Industrials,1379.15,626302976,863765749350.4,,,,,,,,,
192,HEIDELBERG.ns,Basic Materials,227.15,226612992,51475141132.8,,,,,,,,,
193,HEMIPROP.ns,Real Estate,132.6,285000000,37791000000.0,,,,,,,,,
194,HEROMOTOCO.ns,Consumer Cyclical,2472.7,199790000,494020732999.99994,3.39,6.73,2.3,12.42,4.29,37,Automobiles,1,LAG_PERF
195,HIKAL.ns,Healthcare,512.95,123301000,63247247950.00001,,,,,,,,,
196,HINDALCO.ns,Basic Materials,432.1,2230850048,963950305740.8,10.36,10.42,13.37,34.16,73.48,26,Diversified Metals,3,OUT_PERF
197,HGS.ns,Industrials,2842.35,20880900,59350826115.0,,,,,,,,,
198,HAL.ns,Industrials,1300.85,334387008,434987339356.8,,,,,,,,,
199,HINDCOPPER.ns,Basic Materials,118.25,967024000,114350588000.0,,,,,,,,,
200,HINDPETRO.ns,Energy,300.55,1418550016,426345207308.8,10.18,7.22,22.08,39.49,85.72,37,Refiners & Pipelines,2,OUT_PERF
201,HINDUNILVR.ns,Consumer Defensive,2383.3,2349590016,5599777885132.801,8.7,6.62,10.67,25.98,44.8,27,Household Products,2,AVG_PERF
202,HINDZINC.ns,Basic Materials,333.3,4225319936,1408299134668.8,,,,,,,,,
203,HOMEFIRST.ns,Financial Services,815.65,87560000,71418314000.0,,,,,,,,,
204,HONAUT.ns,Industrials,38383.25,8841520,339366272540.0,,,,,,,,,
205,HUDCO.ns,Financial Services,39.95,2001900032,79975906278.40001,,,,,,,,,
206,HDFC.ns,Financial Services,2807.8,1803949952,5065130675225.601,7.29,9.45,2.25,18.99,18.43,175,Banks,2,LAG_PERF
207,ICICIBANK.ns,Financial Services,722.4,6940279808,5013658133299.2,17.94,15.64,2.35,35.94,78.44,165,Banks,3,OUT_PERF
208,ICICIGI.ns,Financial Services,1463.7,490702016,718240540819.2001,,,,,,,,,
209,ICICIPRULI.ns,Financial Services,608.7,1436540032,874421917478.4,,,,,,,,,
210,ISEC.ns,Financial Services,747.4,322663008,241158332179.19998,,,,,,,,,
211,IDBI.ns,Financial Services,47.1,10752400384,506438058086.4,,,,,,,,,
212,IDFCFIRSTB.ns,Financial Services,46.95,6213879808,291741656985.60004,,,,,,,,,
213,IDFC.ns,Financial Services,51.85,1596440064,82775417318.40001,,,,,,,,,
214,IFBIND.ns,Technology,1145.15,40518800,46400103820.0,,,,,,,,,
215,IIFL.ns,Financial Services,317.8,378975008,120438257542.40001,,,,,,,,,
216,IIFLWAM.ns,Financial Services,1521.35,87934800,133779607979.99998,,,,,,,,,
217,IOLCP.ns,Healthcare,454.2,58705500,26664038100.0,,,,,,,,,
218,IRB.ns,Industrials,226.2,351449984,79497986380.8,,,,,,,,,
219,IRCON.ns,Industrials,45.4,940515968,42699424947.2,,,,,,,,,
220,ITC.ns,Consumer Defensive,225.45,12322400256,2778085137715.1997,12.28,8.01,7.15,27.43,49.96,92,Food Products,2,AVG_PERF
221,ITI.ns,Technology,109.8,933523008,102500826278.4,,,,,,,,,
222,INDIACEM.ns,Basic Materials,185.85,309896992,57594355963.2,,,,,,,,,
223,IBULHSGFIN.ns,Financial Services,256.4,462428000,118566539199.99998,,,,26.55,46.91,165,Banks,1,AVG_PERF
224,IBREALEST.ns,Real Estate,172.5,454664000,78429540000.0,,,,,,,,,
225,INDIAMART.ns,Communication Services,7367.6,30344100,223563191160.0,,,,,,,,,
226,INDIANB.ns,Financial Services,143.7,1129369984,162290466700.8,,,,,,,,,
227,IEX.ns,Financial Services,243.2,898670016,218556547891.19998,,,,,,,,,
228,INDHOTEL.ns,Consumer Cyclical,184.2,1189260032,219061697894.4,,,,,,,,,
229,IOC.ns,Energy,120.65,9414160384,1135818450329.6,9.53,7.18,18.1,34.8,75.32,37,Refiners & Pipelines,2,LEAD_PERF
230,IOB.ns,Financial Services,20.95,18902401024,396005301452.8,,,,,,,,,
231,IRCTC.ns,Industrials,821.25,160000000,131400000000.0,,,,,,,,,
232,IRFC.ns,Financial Services,23.25,13068499968,303842624256.0,,,,,,,,,
233,INDIGOPNTS.ns,Basic Materials,2222.3,47569000,105712588700.00002,,,,,,,,,
234,ICIL.ns,Consumer Cyclical,229.65,197400000,45332910000.0,,,,,,,,,
235,INDOCO.ns,Healthcare,397.45,92150400,36625176480.0,,,,,,,,,
236,IGL.ns,Utilities,498.1,700001024,348670510054.4,,,,,,,,,
237,INDUSTOWER.ns,Communication Services,278.8,2694789888,751307420774.4,8.97,7.13,6.24,22.34,30.84,66,Telecommunication Services,0,
238,INDUSINDBK.ns,Financial Services,945.55,773841984,731706287971.2,,,,,,,,,
239,INFIBEAM.ns,Technology,40.85,1332039936,54413831385.6,,,,,,,,,
240,NAUKRI.ns,Communication Services,5878.35,128784000,757037426400.0,,,,,,,,,
241,INFY.ns,Technology,1748.25,4261270016,7449765305472.0,7.69,6.52,1.07,15.28,8.8,103,Software & Services,2,LAG_PERF
242,INGERRAND.ns,Industrials,1208.5,31568000,38149928000.0,,,,,,,,,
243,INOXLEISUR.ns,Communication Services,364.65,108312000,39495970800.0,,,,,,,,,
244,INTELLECT.ns,Technology,637.3,133754000,85241424200.0,,,,,,,,,
245,INDIGO.ns,Industrials,1912.05,384863008,735877314446.4,,,,,,,,,
246,IPCALAB.ns,Healthcare,2071.25,126852000,262742205000.0,,,,,,,,,
247,JBCHEPHARM.ns,Healthcare,1589.15,77282096,122812842858.40001,,,,,,,,,
248,JKCEMENT.ns,Basic Materials,3333.4,77268200,257565817880.0,,,,,,,,,
249,JKLAKSHMI.ns,Basic Materials,627.2,117670000,73802624000.0,,,,,,,,,
250,JKPAPER.ns,Basic Materials,211.9,169402000,35896283800.0,,,,,,,,,
251,JKTYRE.ns,Consumer Cyclical,137.1,246231008,33758271196.8,,,,,,,,,
252,JMFINANCIL.ns,Financial Services,70.1,953702016,66854511321.59999,,,,,,,,,
253,JSWENERGY.ns,Utilities,316.65,1642790016,520189458566.39996,,,,,,,,,
254,JSWSTEEL.ns,Basic Materials,646.75,2402400000,1553752200000.0,11.46,10.7,14.52,36.68,80.47,23,Steel,2,LEAD_PERF
255,JAMNAAUTO.ns,Consumer Cyclical,100.8,398464000,40165171200.0,,,,,,,,,
256,JINDALSAW.ns,Basic Materials,102.2,319756992,32679164582.4,,,,,,,,,
257,JSLHISAR.ns,Basic Materials,294.65,235935008,69518250107.2,,,,,,,,,
258,JSL.ns,Basic Materials,163.7,487235008,79760370809.59999,,,,,,,,,
259,JINDALSTEL.ns,Basic Materials,354.05,1020019968,361138069670.4,,,,,,,,,
260,JCHAC.ns,Technology,1899.2,27190900,51640957280.0,,,,,,,,,
261,JUBLFOOD.ns,Consumer Cyclical,3762.9,131969000,496586150100.0,,,,,,,,,
262,JUBLINGREA.ns,Healthcare,562.45,159280992,89587593950.40001,,,,,,,,,
263,JUBLPHARMA.ns,Healthcare,591.7,159280992,94246562966.40001,,,,,,,,,
264,JUSTDIAL.ns,Communication Services,707.6,62272800,44064233280.0,,,,,,,,,
265,JYOTHYLAB.ns,Consumer Defensive,153.05,367208992,56201336225.600006,,,,,,,,,
266,KPRMILL.ns,Consumer Cyclical,509.5,68810000,35058695000.0,,,,,,,,,
267,KEI.ns,Industrials,1148,89855400,103153999200,,,,,,,,,
268,KNRCON.ns,Industrials,274.8,281235008,77283380198.40001,,,,,,,,,
269,KPITTECH.ns,Technology,489.2,274144000,134111244800.0,,,,,,,,,
270,KRBL.ns,Consumer Defensive,242.25,235390000,57023227500.0,,,,,,,,,
271,KSB.ns,Industrials,1273.5,34807800,44327733300.0,,,,,,,,,
272,KAJARIACER.ns,Industrials,1133.45,159167008,180407845217.6,,,,,,,,,
273,KALPATPOWR.ns,Industrials,382.2,148908992,56913016742.4,,,,,,,,,
274,KALYANKJIL.ns,Consumer Cyclical,68,1030049984,70043398912,,,,,,,,,
275,K.nsAINER.ns,Basic Materials,599.95,538920000,323325054000.0,,,,,,,,,
276,KARURVYSYA.ns,Financial Services,50.05,799321984,40006065299.2,,,,,,,,,
277,KSCL.ns,Consumer Defensive,495.45,60329100,29890052595.0,,,,,,,,,
278,KEC.ns,Industrials,432.5,257088000,111190560000.0,,,,,,,,,
279,KOTAKBANK.ns,Financial Services,1964.25,1982390016,3893909588928.0,12.94,11.43,2.24,26.61,47.07,165,Banks,2,
280,L&TFH.ns,Financial Services,79.15,2470579968,195546404467.2,,,,,,,,,
281,LTTS.ns,Technology,5518.6,105057000,579767560200.0,,,,,,,,,
282,LICHSGFIN.ns,Financial Services,378.65,550062976,208281345862.4,,,,,,,,,
283,LAOPALA.ns,Consumer Cyclical,342.65,111000000,38034150000.0,,,,,,,,,
284,LAXMIMACH.ns,Industrials,8853.15,10683000,94578201450.0,,,,,,,,,
285,LTI.ns,Technology,6948.75,174762000,1214377447500.0,,,,,,,,,
286,LT.ns,Industrials,1789.2,1404600064,2513110434508.8003,13.86,15.91,4.6,34.37,74.16,24,Construction & Engineering,2,LEAD_PERF
287,LAURUSLABS.ns,Healthcare,516.8,536601984,277315905331.19995,,,,,,,,,
288,LXCHEM.ns,Basic Materials,419.15,263663008,110514349803.2,,,,,,,,,
289,LEMONTREE.ns,Consumer Cyclical,45.6,792246016,36126418329.6,,,,,,,,,
290,LINDEINDIA.ns,Basic Materials,2478.35,85284200,211364097070.0,,,,,,,,,
291,LUPIN.ns,Healthcare,875.6,453771008,397321894604.8,23.1,15.71,2.36,41.18,88.41,83,Pharmaceuticals,3,
292,LUXIND.ns,Consumer Cyclical,3904.8,25253000,98607914400.0,,,,,,,,,
293,MMTC.ns,Industrials,39.55,1500000000,59324999999.99999,,,,,,,,,
294,MOIL.ns,Basic Materials,168.3,237328000,39942302400.0,,,,,,,,,
295,MRF.ns,Consumer Cyclical,73881.7,4241140,313342633138.0,,,,,,,,,
296,LODHA.ns,Real Estate,1434.5,481505984,690720334048.0,,,,,,,,,
297,MGL.ns,Utilities,921.15,98777800,90989170470.0,,,,,,,,,
298,M&MFIN.ns,Financial Services,162.5,1235529984,200773622400.0,,,,,,,,,
299,M&M.ns,Consumer Cyclical,849.55,1243190016,1056152078092.7999,13.57,6.24,8.13,27.94,52.05,37,Automobiles,2,
300,MAHINDCIE.ns,Consumer Cyclical,247.15,379051008,93682456627.2,,,,,,,,,
301,MHRIL.ns,Consumer Cyclical,209.9,199596000,41895200400.0,,,,,,,,,
302,MAHLOG.ns,Industrials,703.15,71712000,50424292800.0,,,,,,,,,
303,MANAPPURAM.ns,Financial Services,170.15,846395008,144014110611.2,,,,,,,,,
304,MRPL.ns,Energy,44.6,1752600064,78165962854.40001,,,,,,,,,
305,MARICO.ns,Consumer Defensive,532.85,1291350016,688095856025.6,15.43,6.51,9.8,31.74,65.59,92,Food Products,1,LEAD_PERF
306,MARUTI.ns,Consumer Cyclical,7324.95,302080000,2212720896000.0,10.95,9.3,6.63,26.89,48,37,Automobiles,4,
307,MASTEK.ns,Technology,2938.6,29690200,87247621720.0,,,,,,,,,
308,MFSL.ns,Financial Services,965.35,345107008,333149050172.8,,,,,,,,,
309,MAXHEALTH.ns,Healthcare,375.15,969395008,363668537251.19995,,,,,,,,,
310,MAZDOCK.ns,Industrials,267.75,201690000,54002497500.0,,,,,,,,,
311,METROPOLIS.ns,Healthcare,3206.15,51116800,163888128320.0,,,,,,,,,
312,MINDTREE.ns,Technology,4516.05,164728992,743924364321.6,,,,,,,,,
313,MINDACORP.ns,Consumer Cyclical,163.15,239079008,39005740155.200005,,,,,,,,,
314,MINDAIND.ns,Consumer Cyclical,914.85,285620000,261299457000.0,,,,,,,,,
315,MIDHANI.ns,Basic Materials,187.2,187340000,35070048000.0,,,,,,,,,
316,MOTILALOFS.ns,Financial Services,963.15,147092000,141671659800.0,,,,,,,,,
317,MPHASIS.ns,Technology,3107.1,187174000,581568335400.0,,,,,,,,,
318,MCX.ns,Financial Services,1642.85,50998400,83782721440.0,,,,,,,,,
319,MUTHOOTFIN.ns,Financial Services,1494.3,401196000,599507182800.0,,,,,,,,,
320,NATCOPHARM.ns,Healthcare,841.55,182338000,153446543900.0,,,,,,,,,
321,NBCC.ns,Industrials,42.35,1800000000,76230000000.0,,,,,,,,,
322,NCC.ns,Industrials,72.4,609846976,44152921062.4,,,,,,,,,
323,NESCO.ns,Industrials,605.3,70460000,42649438000.0,,,,,,,,,
324,NHPC.ns,Utilities,32.25,10044999680,323951239680.0,,,,,,,,,
325,NLCINDIA.ns,Utilities,58.85,1386640000,81603764000.0,,,,,,,,,
326,NMDC.ns,Basic Materials,141.6,2930609920,414974364672.0,,,,,,,,,
327,,,,,,,,,,,,,,
328,NTPC.ns,Utilities,128.7,9696669696,1247961389875.2,14.67,8.55,17.75,40.98,88.06,103,Utilities,4,
329,NH.ns,Healthcare,579.75,204360992,118478285112.0,,,,,,,,,
330,NATIONALUM.ns,Basic Materials,91.3,1836630016,167684320460.8,,,,,,,,,
331,NFL.ns,Basic Materials,50.55,490577984,24798717091.199997,,,,,,,,,
332,NAVINFLUOR.ns,Basic Materials,3780.2,49545100,187290387020.0,,,,,,,,,
333,NAZARA.ns,Communication Services,2314.55,32530200,75292774410.0,,,,,,,,,
334,NESTLEIND.ns,Consumer Defensive,19503.2,96415696,1880414602227.2,10.28,5.77,10.97,27.02,48.44,92,Food Products,3,
335,NETWORK18.ns,Communication Services,72.2,1035360000,74752992000.0,,,,,,,,,
336,NILKAMAL.ns,Consumer Cyclical,2325.85,14922500,34707496625.0,,,,,,,,,
337,NAM-INDIA.ns,Financial Services,370.35,621667008,230234376412.80002,,,,,,,,,
338,OBEROIRLTY.ns,Real Estate,849.6,363601984,308916245606.4,,,,,,,,,
339,ONGC.ns,Energy,144,12580299776,1811563167744,17.45,13.38,22.56,53.39,98.37,64,Oil & Gas Producers,5,
340,OIL.ns,Energy,218.75,1084409984,237214684000.0,,,,,,,,,
341,OFSS.ns,Technology,4186.45,86220304,360956991680.8,,,,,,,,,
342,ORIENTELEC.ns,Consumer Cyclical,374.4,212186000,79442438400.0,,,,,,,,,
343,PIIND.ns,Basic Materials,2953.25,151712992,448046393624.0,,,,,,,,,
344,PNBHOUSING.ns,Financial Services,587.45,168508992,98990607350.40001,,,,,,,,,
345,PNCINFRA.ns,Industrials,295.05,256539008,75691834310.40001,,,,,,,,,
346,PVR.ns,Communication Services,1399.2,60762200,85018470240.0,,,,,,,,,
347,PAGEIND.ns,Consumer Cyclical,38253.55,11153900,426676271345.00006,,,,,,,,,
348,PERSISTENT.ns,Technology,4392.6,76425000,335704455000.0,,,,,,,,,
349,PETRONET.ns,Energy,224.3,1500000000,336450000000.0,,,,,,,,,
350,PFIZER.ns,Healthcare,4934.4,45747700,225737450879.99997,,,,,,,,,
351,PHILIPCARB.ns,Basic Materials,230.35,172338000,39698058300.0,,,,,,,,,
352,PHOENIXLTD.ns,Real Estate,992,172067008,170690471936,,,,,,,,,
353,PIDILITIND.ns,Basic Materials,2235,508152992,1135721937120,,,,,,,,,
354,PEL.ns,Healthcare,2518.05,237128000,597100160400.0,,,,,,,,,
355,POLYMED.ns,Healthcare,1050.55,95880600,100727364330.0,,,,,,,,,
356,POLYCAB.ns,Industrials,2361.55,149128992,352175571057.60004,,,,,,,,,
357,POLYPLEX.ns,Basic Materials,1863.25,31392500,58492075625.0,,,,,,,,,
358,POONAWALLA.ns,,196.8,,,,,,,,,,,
359,PFC.ns,Financial Services,121.55,2640079872,320901708441.6,0,0,0,24.82,40.16,85,Diversified Financials,2,
360,POWERGRID.ns,Utilities,214.5,5231589888,1122176030976.0,,,,,,,,,
361,PRAJIND.ns,Industrials,320.85,183588992,58904528083.200005,,,,,,,,,
362,PRESTIGE.ns,Real Estate,446.35,400862016,178924760841.6,,,,,,,,,
363,PRINCEPIPE.ns,Basic Materials,742.85,110026000,81732814100.0,,,,,,,,,
364,PRSMJO.nsN.ns,Basic Materials,128.25,503360000,64555920000.0,,,,,,,,,
365,PGHL.ns,Healthcare,5298.05,16599400,87944451170.0,,,,,,,,,
366,PGHH.ns,Consumer Defensive,15272.4,32460700,495752794680.0,,,,,,,,,
367,PNB.ns,Financial Services,38.5,11011000320,423923512320.0,,,,,,,,,
368,QUESS.ns,Industrials,853.45,147679008,126036649377.6,,,,,,,,,
369,RBLBANK.ns,Financial Services,192.05,599395008,115113811286.40001,,,,,,,,,
370,RECLTD.ns,Financial Services,134.5,1974919936,265626731392.0,,,,,,,,,
371,RHIM.ns,Industrials,339.35,,,,,,,,,,,
372,RITES.ns,Industrials,274.5,240302000,65962899000.0,,,,,,,,,
373,RADICO.ns,Consumer Defensive,1087.35,133568000,145235164800.0,,,,,,,,,
374,RVNL.ns,Industrials,34.4,2085020032,71724689100.8,,,,,,,,,
375,RAILTEL.ns,Communication Services,119.4,320937984,38319995289.6,,,,,,,,,
376,RAIN.ns,Basic Materials,213,336345984,71641694592,,,,,,,,,
377,RAJESHEXPO.ns,Consumer Cyclical,780.3,295260000,230391378000.0,,,,,,,,,
378,RALLIS.ns,Basic Materials,252.9,194468992,49181208076.8,,,,,,,,,
379,RCF.ns,Basic Materials,73.2,551688000,40383561600.0,,,,,,,,,
380,RATNAMANI.ns,Basic Materials,2118.2,46728000,98979249599.99998,,,,,,,,,
381,REDINGTON.ns,Technology,151,390342016,58941644416,,,,,,,,,
382,RELAXO.ns,Consumer Cyclical,1280.65,248442000,318167247300.0,,,,,,,,,
383,RELIANCE.ns,Energy,2482.85,6762070016,16789205539225.6,10.1,6.27,20.55,36.92,80.88,37,Refiners & Pipelines,2,LEAD_PERF
384,ROSSARI.ns,Basic Materials,1292.2,55054900,71141941780.0,,,,,,,,,
385,ROUTE.ns,Communication Services,1799.55,57713600,103858508880.0,,,,,,,,,
386,SBICARD.ns,Financial Services,980.9,941027968,923054333811.2,,,,,,,,,
387,SBILIFE.ns,Financial Services,1188.05,1000110016,1188180704508.8,,,,,,,,,
388,SIS.ns,Industrials,493.45,148364992,73210705302.4,,,,,,,,,
389,SJVN.ns,Utilities,27.9,3929799936,109641418214.4,,,,,,,,,
390,SKFINDIA.ns,Industrials,3830.7,49438000,189382146600.0,,,,,,,,,
391,SRF.ns,Basic Materials,2089.7,296420992,619430946982.3999,,,,,,,,,
392,SANOFI.ns,Healthcare,7892.9,23030600,181778222740.0,,,,,,,,,
393,SCHAEFFLER.ns,Industrials,7856.9,31260700,245612193830.0,,,,,,,,,
394,SCHNEIDER.ns,Industrials,105.15,239104000,25141785600.0,,,,,,,,,
395,SEQUENT.ns,Healthcare,153,248371008,38000764224,,,,,,,,,
396,SHARDACROP.ns,Basic Materials,311.45,90220496,28099173479.2,,,,,,,,,
397,SFL.ns,Consumer Cyclical,3331.4,48782800,162515019920.0,,,,,,,,,
398,SHILPAMED.ns,Healthcare,562.5,81526896,45858879000.0,,,,,,,,,
399,SCI.ns,Industrials,157.2,465799008,73223604057.59999,,,,,,,,,
400,SHREECEM.ns,Basic Materials,26289.8,36080700,948554386860.0,4.19,9.13,15,28.32,53.23,14,Construction Materials,2,
401,SHRIRAMCIT.ns,Financial Services,2112,66005000,139402560000,,,,,,,,,
402,SRTR.nsFIN.ns,Financial Services,1448.95,267048000,386939199600.0,,,,,,,,,
403,SIEM.ns.ns,Industrials,2198.15,356120000,782805178000.0,,,,,,,,,
404,SOBHA.ns,Real Estate,844.65,94845904,80111592813.59999,,,,,,,,,
405,SOLARINDS.ns,Basic Materials,2798.4,90490096,253227484646.4,,,,,,,,,
406,SOLARA.ns,Healthcare,1179.05,35929800,42363030690.0,,,,,,,,,
407,SONACOMS.ns,,758.95,,,,,,,,,,,
408,SONATSOFTW.ns,Technology,843,105159000,88649037000,,,,,,,,,
409,SPANDANA.ns,Financial Services,446.75,64315500,28732949625.0,,,,,,,,,
410,SPICEJET.ns,Industrials,71.4,600937024,42906903513.600006,,,,,,,,,
411,STARCEMENT.ns,Basic Materials,96.35,404180000,38942743000.0,,,,,,,,,
412,SBIN.ns,Financial Services,477,8924609536,4257038748672,13.09,14.54,2.33,29.96,57.7,175,Banks,2,AVG_PERF
413,SAIL.ns,Basic Materials,104.55,4130530048,431846916518.39996,,,,,,,,,
414,SWSOLAR.ns,Technology,396.35,160360000,63558686000.0,,,,,,,,,
415,STLTECH.ns,Technology,271.7,396628000,107763827600.0,,,,,,,,,
416,STAR.ns,Healthcare,491.25,89661000,44045966250.0,,,,,,,,,
417,SUDARSCHEM.ns,Basic Materials,562.1,69227200,38912609120.0,,,,,,,,,
418,SUMICHEM.ns,Basic Materials,370.75,499145984,185058373568.0,,,,,,,,,
419,SPARC.ns,Healthcare,248.85,262048000,65210644800.0,,,,,,,,,
420,SUNPHARMA.ns,Healthcare,766.25,2399330048,1838486649280.0,19.69,14.06,3.02,36.77,80.6,83,Pharmaceuticals,3,LEAD_PERF
421,SUNTV.ns,Communication Services,533.65,394084992,210303455980.8,,,,,,,,,
422,SUNDARMFIN.ns,Financial Services,2330.3,111105000,258907981500.00003,,,,,,,,,
423,SUNDRMFAST.ns,Consumer Cyclical,859.25,210128000,180552484000.0,,,,,,,,,
424,SUNTECK.ns,Real Estate,436.65,146394000,63922940100.0,,,,,,,,,
425,SUPRAJIT.ns,Consumer Cyclical,419.15,139872000,58627348800.0,,,,,,,,,
426,SUPREMEIND.ns,Industrials,2397.7,127027000,304572637900.0,,,,,,,,,
427,SUPPETRO.ns,Basic Materials,700.25,94020704,65837997976.0,,,,,,,,,
428,SUVENPHAR.ns,Healthcare,498.1,254564992,126798822515.20001,,,,,,,,,
429,SUZLON.ns,Industrials,7.05,8901780480,62757552384.0,,,,,,,,,
430,SYMPHONY.ns,Consumer Cyclical,970.3,69957000,67879277100.0,,,,,,,,,
431,SYNGENE.ns,Healthcare,589.15,400796992,236129547836.8,,,,,,,,,
432,TCIEXP.ns,Industrials,2312.25,38434500,88870172625.0,,,,,,,,,
433,T.nsBRANDS.ns,Consumer Cyclical,814.95,61522500,50137761375.0,,,,,,,,,
434,TTKPRESTIG.ns,Consumer Cyclical,10374.2,13861400,143800935880.0,,,,,,,,,
435,TV18BRDCST.ns,Communication Services,41,1714360064,70288762624,,,,,,,,,
436,TVSMOTOR.ns,Consumer Cyclical,680.25,475087008,323177937192.0,,,,,,,,,
437,TANLA.ns,Technology,1449.05,135746000,196702741300.0,,,,,,,,,
438,TASTYBITE.ns,Consumer Defensive,13351.25,2566000,34259307500.0,,,,,,,,,
439,TATACHEM.ns,Basic Materials,900,254756000,229280400000,,,,,,,,,
440,TATACOFFEE.ns,Consumer Defensive,205.35,186770000,38353219500.0,,,,,,,,,
441,TATACOMM.ns,Communication Services,1275.8,285000000,363603000000.0,,,,,,,,,
442,TCS.ns,Technology,3642.9,3699049984,13475269186713.6,6.58,6.76,0.79,14.12,7.36,99,Software & Services,2,LAG_PERF
443,TATAC.nsUM.ns,Consumer Defensive,773.25,921552000,712590084000.0,,,,,,,,,
444,TATAELXSI.ns,Technology,5979.75,62276400,372397302900.0,,,,,,,,,
445,TATAMTRDVR.ns,Consumer Cyclical,262.05,508503008,133253213246.40001,,,,,,,,,
446,TATAMOTORS.ns,Consumer Cyclical,479.1,3320310016,1590760528665.6,14.01,7.46,8.57,30.05,59.79,37,Automobiles,2,LEAD_PERF
447,TATAPOWER.ns,Utilities,226.4,3195340032,723424983244.8,,,,,,,,,
448,TATASTLLP.ns,Basic Materials,734.55,45100000,33128204999.999996,,,,,,,,,
449,TATASTEEL.ns,Basic Materials,1112.4,1125309952,1251794790604.8,14.18,8.84,16.32,39.34,85.39,23,Steel,3,LEAD_PERF
450,TTML.ns,Communication Services,124.05,1954930048,242509072454.4,,,,,,,,,
451,TEAMLEASE.ns,Industrials,4194.75,17096800,71716801800.0,,,,,,,,,
452,TECHM.ns,Technology,1629.65,968988992,1579112910812.8,6.81,5.84,0.47,13.12,5.33,99,Software & Services,1,LAG_PERF
453,NIACL.ns,Financial Services,145.05,1648000000,239042400000.00003,,,,,,,,,
454,RAMCOCEM.ns,Basic Materials,950.95,235890000,224319595500.0,,,,,,,,,
455,THERMAX.ns,Industrials,1782.1,119156000,212347907600.0,,,,,,,,,
456,THYROCARE.ns,Healthcare,1088.7,52903300,57595822710.0,,,,,,,,,
457,TIMKEN.ns,Industrials,2132.45,75218704,160400125344.8,,,,,,,,,
458,TITAN.ns,Consumer Cyclical,2386.5,887800000,2118734700000.0,7.14,6.26,1.64,15.04,9.15,18,Textiles & Apparel,2,LAG_PERF
459,TORNTPHARM.ns,Healthcare,2971.15,169223008,502786940219.2,,,,,,,,,
460,TORNTPOWER.ns,Utilities,562.05,480616992,270130780353.59998,,,,,,,,,
461,TRENT.ns,Consumer Cyclical,1031.35,355487008,366631525700.8,,,,,,,,,
462,TRIDENT.ns,Consumer Cyclical,46.95,5095960064,239255325004.80002,,,,,,,,,
463,TRITURBINE.ns,Industrials,182.45,323304992,58986995790.399994,,,,,,,,,
464,TIINDIA.ns,Consumer Cyclical,1669.6,192820992,321933928243.2,,,,,,,,,
465,UCOBANK.ns,Financial Services,13.1,11955999744,156623596646.4,,,,,,,,,
466,UFLEX.ns,Consumer Cyclical,502.45,72211504,36282670184.799995,,,,,,,,,
467,UPL.ns,Basic Materials,698.2,764044992,533456213414.4,8.8,6.78,11.11,26.68,47.36,73,Chemicals,2,
468,UTIAMC.ns,Financial Services,1045.15,126787000,132511433050.00002,,,,,,,,,
469,UJJIVAN.ns,Financial Services,136.1,121667000,16558878700.0,,,,,,,,,
470,UJJIV.nsFB.ns,Financial Services,18.6,1728310016,32146566297.600002,,,,,,,,,
471,ULTRACEMCO.ns,Basic Materials,7323.2,288451008,2112384421785.5999,5.04,10.6,18.46,34.1,73.25,14,Construction Materials,2,OUT_PERF
472,UNIONBANK.ns,Financial Services,46.3,6834749952,316448922777.6,,,,,,,,,
473,UBL.ns,Consumer Defensive,1515.05,264404992,400586783129.6,,,,,,,,,
474,MCDOWELL-N.ns,Consumer Defensive,887.95,726638976,645219078739.2001,8.85,6.33,8.6,23.78,36.12,92,Food Products,3,AVG_PERF
475,VGUARD.ns,Industrials,238.05,430188000,102406253400.0,,,,,,,,,
476,VMART.ns,Consumer Cyclical,3955.85,19711100,77974154935.0,,,,,,,,,
477,VIPIND.ns,Consumer Cyclical,545.85,141432000,77200657200.0,,,,,,,,,
478,VAIBHAVGBL.ns,Consumer Cyclical,524.7,163208000,85635237600.0,,,,,,,,,
479,VAKRANGEE.ns,Technology,34.6,1059409984,36655585446.4,,,,,,,,,
480,VALIANTORG.ns,Basic Materials,1054.25,27153500,28626577375.0,,,,,,,,,
481,VTL.ns,Consumer Cyclical,1965.3,57688400,113375012520.0,,,,,,,,,
482,VARROC.ns,Consumer Cyclical,298.45,152786000,45598981700.0,,,,,,,,,
483,VBL.ns,Consumer Defensive,911.05,433032992,394514707361.6,,,,,,,,,
484,VEDL.ns,Basic Materials,337.9,3717199872,1256041836748.7998,15.8,7.59,20.69,44.09,92.54,26,Diversified Metals,4,
485,VENKEYS.ns,Consumer Defensive,2660.05,14087300,37472922365.0,,,,,,,,,
486,VINATIORGA.ns,Basic Materials,1927.05,102782000,198066053100.0,,,,,,,,,
487,IDEA.ns,Communication Services,12.8,28735399936,367813119180.80005,14.46,8.98,7.64,31.07,63.37,66,Telecommunication Services,3,LEAD_PERF
488,VOLTAS.ns,Industrials,1230.4,330884992,407120894156.80005,,,,,,,,,
489,WABCOINDIA.ns,Consumer Cyclical,8048.85,18967600,152667367260.0,,,,,,,,,
490,WELCORP.ns,Basic Materials,170.2,260948992,44413518438.399994,,,,,,,,,
491,WELSPUNIND.ns,Consumer Cyclical,141.7,988057984,140007816332.8,,,,,,,,,
492,WESTLIFE.ns,Consumer Cyclical,551.75,155803008,85964309664.0,,,,,,,,,
493,WHIRLPOOL.ns,Consumer Cyclical,2040.05,126872000,258825223600.0,,,,,,,,,
494,WIPRO.ns,Technology,646.8,5459820032,3531411596697.5996,6.86,5.48,0.95,13.28,5.71,99,Software & Services,2,LAG_PERF
495,WOCKPHARMA.ns,Healthcare,431.05,110816000,47767236800.0,,,,,,,,,
496,YESBANK.ns,Financial Services,12.6,25054900224,315691742822.39996,12.9,18.4,1.56,32.87,69.42,165,Banks,4,OUT_PERF
497,ZEEL.ns,Communication Services,342.15,960515968,328640538451.19995,8.33,7.77,0.09,16.2,11.82,36,Media,2,LAG_PERF
498,Z.nsARTECH.ns,Technology,440.3,225660000,99358098000.0,,,,,,,,,
499,ZYDUSWELL.ns,Consumer Defensive,1946.6,63632100,123866245860.0,,,,,,,,,
500,ECLERX.ns,Technology,2129.5,34889600,74297403200.0,,,,,,,,,
